<?xml version="1.0" encoding="UTF-8"?>
<project-private xmlns="http://www.netbeans.org/ns/project-private/1">
    <editor-bookmarks xmlns="http://www.netbeans.org/ns/editor-bookmarks/2" lastBookmarkId="0"/>
    <open-files xmlns="http://www.netbeans.org/ns/projectui-open-files/2">
        <group>
            <file>file:/C:/Users/omi21/OneDrive/Desktop/SpaceTag/public_html/HTML/css/color.css</file>
            <file>file:/C:/Users/omi21/OneDrive/Desktop/SpaceTag/public_html/HTML/js/SpaceTagScripts.js</file>
            <file>file:/C:/Users/omi21/OneDrive/Desktop/SpaceTag/public_html/HTML/index.html</file>
            <file>file:/C:/Users/omi21/OneDrive/Desktop/SpaceTag/public_html/HTML/css/icomoon.css</file>
            <file>file:/C:/Users/omi21/OneDrive/Desktop/SpaceTag/public_html/HTML/css/StudyRoom.css</file>
            <file>file:/C:/Users/omi21/OneDrive/Desktop/SpaceTag/public_html/HTML/StudyRoom.html</file>
            <file>file:/C:/Users/omi21/OneDrive/Desktop/SpaceTag/public_html/HTML/css/main.css</file>
        </group>
    </open-files>
</project-private>
