[
    {
        "AC": [
            {
                "title": "Batch AC-1",
                "days": "Monday - Friday",
                "price": 6000,
                "validity": 90,
                "type": "Bundle",
                "time": "6:00 - 22:00",
                "vacancy": "3",
                "isDiscApp": true,
                "discount": 20
            },
            {
                "title": "Batch AC-2",
                "days": "Monday - Friday",
                "price": 5400,
                "validity": 90,
                "type": "Bundle",
                "time": "6:00 - 22:00",
                "vacancy": "3",
                "isDiscApp": true,
                "discount": 30
            },
            {
                "title": "Batch AC-3",
                "days": "Monday - Friday",
                "price": 2100,
                "validity": 45,
                "type": "Regular",
                "time": "6:00 - 22:00",
                "vacancy": "3",
                "isDiscApp": false,
                "discount": 0
            },
            {
                "title": "Batch AC-4",
                "days": "Monday - Friday",
                "price": 1000,
                "validity": 30,
                "type": "Other",
                "time": "6:00 - 22:00",
                "vacancy": "3",
                "isDiscApp": false,
                "discount": 0
            }
        ],
        "NAC": [
            {
                "title": "Batch NAC-1",
                "days": "Monday - Friday",
                "price": 2000,
                "validity": 45,
                "type": "Bundle",
                "time": "6:00 - 22:00",
                "vacancy": "3",
                "isDiscApp": false,
                "discount": 0
            },
            {
                "title": "Batch NAC-2",
                "days": "Monday - Friday",
                "price": 5400,
                "validity": 90,
                "type": "Bundle",
                "time": "6:00 - 22:00",
                "vacancy": "3",
                "isDiscApp": true,
                "discount": 30
            },
            {
                "title": "Batch NAC-3",
                "days": "Monday - Friday",
                "price": 2100,
                "validity": 45,
                "type": "Regular",
                "time": "6:00 - 22:00",
                "vacancy": "3",
                "isDiscApp": false,
                "discount": 0
            },
            {
                "title": "Batch NAC-4",
                "days": "Monday - Friday",
                "price": 1000,
                "validity": 30,
                "type": "Other",
                "time": "6:00 - 22:00",
                "vacancy": "3",
                "isDiscApp": false,
                "discount": 0
            }
        ],
        "AON": [
            {
                "locker": [
                    {
                        "title": "Locker plan 1",
                        "key": 15,
                        "value": 200
                    },
                    {
                        "title": "Locker plan 2",
                        "key": 30,
                        "value": 400
                    },
                    {
                        "title": "Locker plan 3",
                        "key": 45,
                        "value": 450
                    },
                    {
                        "title": "Locker plan 4",
                        "key": 90,
                        "value": 700
                    }
                ],
                "study_essentials": [
                    {
                        "title": "Book Stand",
                        "price": 150
                    },
                    {
                        "title": "Pen",
                        "price": 10
                    },
                    {
                        "title": "Note Book",
                        "price": 30
                    }
                ],
                "reserved_seat": [
                    {
                        "title": "RS-1",
                        "key": 15,
                        "value": 80
                    },
                    {
                        "title": "RS-2",
                        "key": 30,
                        "value": 100
                    },
                    {
                        "title": "RS-3",
                        "key": 45,
                        "value": 150
                    },
                    {
                        "title": "RS-4",
                        "key": 90,
                        "value": 300
                    }
                ],
                "others": [
                    {
                        "title": "ABCD",
                        "price": 200
                    }
                ]
            }
        ]
    }
]