[
    {
        "Category": [
            {
                "AC": [
                    {
                        "title": "Batch AC-1",
                        "days": "Monday - Friday",
                        "price": 2000,
                        "validity": "1 Month",
                        "time": "6:00 - 22:00",
                        "vacancy": "3",
                        "isDiscApp": true,
                        "discount": 20
                    },
                    {
                        "title": "Batch AC-2",
                        "days": "Monday - Friday",
                        "price": 1800,
                        "validity": "1 Month",
                        "time": "6:00 - 22:00",
                        "vacancy": "3",
                        "isDiscApp": true,
                        "discount": 30
                    },
                    {
                        "title": "Batch AC-3",
                        "days": "Monday - Friday",
                        "price": 1500,
                        "validity": "1 Month",
                        "time": "6:00 - 22:00",
                        "vacancy": "3",
                        "isDiscApp": false,
                        "discount": 0
                    },
                    {
                        "title": "Batch AC-4",
                        "days": "Monday - Friday",
                        "price": 1000,
                        "validity": "1 Month",
                        "time": "6:00 - 22:00",
                        "vacancy": "3",
                        "isDiscApp": false,
                        "discount": 0
                    }
                ],
                "NAC": [
                    {
                        "title": "Batch NAC-1",
                        "days": "Monday - Friday",
                        "price": 2000,
                        "validity": "1 Month",
                        "time": "6:00 - 22:00",
                        "vacancy": "3",
                        "isDiscApp": false,
                        "discount": 0
                    }
                ]
            }
        ],
        "AON": [
            {
                "title": "Locker",
                "price": 400,
                "validity": "1 Month",
                "vacancy": "3"
            },
            {
                "title": "Book Stand",
                "price": 150,
                "validity": "1 Month",
                "vacancy": "12"
            }
        ]
    }
]