[
    {
        "studyroomName":"Eduvision Study Hub",
        "locality": "Karve Road",
        "address" : "3rd Floor, Megacity, near SNDT College, Erandwane, Pune, Maharashtra 411038",
        "googleMapUrl" : "https://g.page/eduvisionstudyhub?share",
        "phoneNumber" : "9850123450",
        "timings" : "6:30 am - 11:00 pm",
        "images":["images/StudyRoom/EduVision/one.JPG"],
        "batch" : [{
            "AC": [
                {
                    "title": "Batch AC-1",
                    "days": "Monday - Friday",
                    "price": 2000,
                    "validity": "1 Month",
                    "time": "6:00 - 22:00",
                    "vacancy": "3",
                    "isDiscApp": true,
                    "discount": 20
                },
                {                
                    "title": "Batch AC-2",
                    "days": "Monday - Friday",
                    "price": 1800,
                    "validity": "1 Month",
                    "time": "6:00 - 22:00",
                    "vacancy": "3",
                    "isDiscApp": true,
                    "discount": 30
                },
                {
                    "title": "Batch AC-3",
                    "days": "Monday - Friday",
                    "price": 1500,
                    "validity": "1 Month",
                    "time": "6:00 - 22:00",
                    "vacancy": "3",
                    "isDiscApp": false,
                    "discount": 0 
                },
                {                
                    "title": "Batch AC-2",
                    "days": "Monday - Friday",
                    "price": 1800,
                    "validity": "1 Month",
                    "time": "6:00 - 22:00",
                    "vacancy": "3",
                    "isDiscApp": true,
                    "discount": 30
                },
                {
                    "title": "Batch AC-4",
                    "days": "Monday - Friday",
                    "price": 1000,
                    "validity": "1 Month",
                    "time": "6:00 - 22:00",
                    "vacancy": "3",
                    "isDiscApp": false,
                    "discount":0
                }
            ],
            "NAC": [
                {
                    "title": "Batch NAC-1",
                    "days": "Monday - Friday",  
                    "price": 2000,
                    "validity": "1 Month",
                    "time": "6:00 - 22:00",
                    "vacancy": "3",
                    "isDiscApp": false,
                    "discount": 0
                }
            ],
            "AON": [
                {
                    "title": "Locker",
                    "price": 400,
                    "validity": "1 Month",
                    "vacancy": "3"
                },
                {
                    "title": "Book Stand",
                    "price": 150,
                    "validity": "1 Month",
                    "vacancy": "12"
                }
            ]
        }],
        "Amenities":[],
        "detailedTiming" :{
            
            "Sunday":"6:00am - 11:00pm",
            "Monday":"6:00am - 11:00pm",
            "Tuesday":"6:00am - 11:00pm",
            "Wednesday":"Closed",
            "Thursday":"6:00am - 11:00pm",
            "Friday":"6:00am - 11:00pm",
            "Saturday":"6:00am - 11:00pm"
        },
        "about": "Nemo enim ipsam voluptatem quia voluptas sit aspernatur aut odit aut fugit,sed consequuntur magni doloresie eos qui ratione voluptatem sequi nesciunt.Neque porro quisquam est, qui dolorem ipsumuia dolor sit amet rolaem consectetur quaerat voluptatem. /n /n Proident sunt in culpa qui officia /n Deserunt mollit anim idestorum /n Sedutana perspiciatis /n",
        "tandC":" <p>Nemo enim ipsam voluptatem quia voluptas sit aspernatur aut odit aut fugit,sed consequuntur magni doloresie eos qui ratione voluptatem sequinesciunt.Neque porro quisquam est, qui dolorem ipsumuia dolor sit ametrolaem consectetur quaerat voluptatem.</p><ul><li>Proident sunt in culpa qui officia</li><li>Deserunt mollit anim idestorum</li>  <li>Sedutana perspiciatis</li> </ul>"

    }
]